,Secreted,Membrane
64,DCN,EGFR
295,CLU,TGFBR2
835,LOXL1,FBLN5
2649,EFEMP2,LINGO1
4539,LGALS9,CTNNB1
5002,LGALS9,JUP
5143,LGALS9,SLC1A5
7110,MUC1,CTNNB1
7216,FAS,EZR
7245,FAS,MSN
7263,FAS,RHOA
7473,MUC1,ERBB2
7538,EGFR,CTNNB1
7539,EGFR,CTNND1
7540,EGFR,JUP
7623,SFN,PARD3B
7630,SFN,ARHGAP21
7633,SFN,ARHGEF5
7636,SFN,CGN
7644,SFN,GRB7
7648,SFN,IRS1
7655,SFN,KLC2
7659,SFN,LSR
7661,SFN,MAGI1
7665,SFN,MARK2
7672,SFN,PAK4
7673,SFN,PARD3
7676,SFN,PKP2
7677,SFN,PKP3
7681,SFN,CYTH2
7699,SFN,SIPA1L1
7700,SFN,SIPA1L3
7705,SFN,TJP2
7735,MUC1,JUP
7853,BMP2,BMPR2
7854,BMP7,BMPR2
7978,MET,CTNNB1
8103,MET,CDH1
8551,PEBP4,MAP2K1
9513,NGF,NGFR
10681,JAM3,PARD3
11079,FASLG,FAS
11130,EGFR,PRKCA
11590,FLT1,KDR
11824,CD44,ARHGEF1
11895,TGFB3,TGFBR2
11902,HBEGF,EGFR
11973,VEGFA,KDR
12001,EGFR,TJP1
15127,FASLG,FNBP1
15128,FASLG,PACSIN2
15529,GSN,PTK2B
16259,PRSS23,B2M
17874,LAMA4,GAPDH
18159,TFRC,HFE
18186,FGF1,FGFR2
18264,COL1A1,ITGB1
18420,FAS,RIPK1
18714,GDF5,BMPR2
18717,GDF6,BMPR2
18884,CTSB,MARCKS
19080,LY96,TLR4
19113,LRP8,MAPK8IP1
19160,COL14A1,CD44
19787,LAMC1,NID2
19788,COL4A1,NID2
19789,COL1A1,NID2
19871,TNFSF11,SRC
19965,FAS,CFLAR
19994,HLA-G,CD8A
20760,PRELP,FBLN2
20962,NRG1,ERBB3
21121,DCN,FLNA
21938,NRG1,ERBB2
22160,IGFBP3,CD44
22223,MMP7,CD44
22310,CD44,TIAM1
22621,SFRP1,FZD6
22696,EGFR,PTK2B
22698,EGFR,SRC
22749,BCAN,FBLN2
22750,ACAN,FBLN2
22751,VCAN,FBLN2
22890,CD44,TGFBR1
22996,PTPRZ1,CTNNB1
22997,PTN,CTNNB1
23181,ADAM9,SNX9
23267,SLPI,PLSCR1
23363,IGFBP3,ADAM12
24037,WNT3A,FZD1
24038,WNT5A,FZD1
24529,MDK,NCAM1
24531,MDK,NID2
24986,GH1,GHR
24987,CCL22,CCR4
25158,IFNG,IFNGR1
25428,NPPA,EPB41
25535,FLT4,ITGB1
25897,PTEN,MAGI3
25960,IL10,IL10RA
26407,CD40,MS4A1
26782,VEGFA,GPC1
27490,GSN,SRC
27550,EGFR,PLSCR1
27776,HSPG2,NID2
27778,HSPG2,FBLN2
28476,ELN,FBLN2
28477,ELN,NID2
28662,IL4,IL4R
28787,LGALS3,FCGR2A
29185,FN1,ITGB6
29387,LAMA5,FBLN2
29389,LAMA1,FBLN2
29409,MUC1,SRC
29540,MUC1,CTNND1
29864,CD44,EGFR
29865,CD44,ERBB2
30349,IL6ST,ERBB2
30351,IL6ST,ERBB3
30933,TNFSF13,TNFSF13B
31215,THBS1,ITGB3
31267,GAS6,AXL
31287,VTN,PVR
31501,CD44,EZR
31505,CD44,SRC
31509,CD44,FYN
32096,SLIT2,GPC1
32343,FASLG,FYN
33400,CORT,SSTR1
33650,NMU,NMUR2
33678,PLAU,MAP2K1
33725,CLU,TGFBR1
33843,COL17A1,ITGB4
33850,COL17A1,CTNND1
34060,CCL5,CCR3
34063,CCL3L1,CCR3
34449,EGFR,ERBB3
34494,MUC1,ERBB3
34497,MUC1,EGFR
34516,TNFRSF1A,RIPK1
34649,EGFR,RIPK1
34659,EREG,EGFR
34674,EPO,EPOR
34902,EGFR,MUC1
34940,TNFSF13,FAS
35006,NRG2,ERBB3
35023,CNTN2,L1CAM
35265,LAMA1,ITGB1
35619,KNG1,ITGB2
35861,POMC,MC5R
36605,FN1,FBLN2
36606,NID1,FBLN2
36612,COL18A1,KDR
36796,TNFRSF1B,TRAIP
37011,LGALS1,CD4
37734,CD44,MSN
38274,COL17A1,PPL
39269,EGFR,NCAM1
39371,CD44,NF2
44198,ISG15,RGS3
44204,ISG15,ENO1
44453,EGFR,AKAP12
44456,EGFR,AHNAK
44480,EGFR,AP2M1
47326,EGFR,ERBB2
50103,EGFR,EPN1
54213,TNFRSF1A,FYN
54216,TNF,FAS
54218,TNF,RIPK1
61697,TNF,MAP3K7
70155,COPA,SIPA1L3
71214,PTEN,PTK2B
71218,PTEN,PDGFRA
75363,ANXA1,GAPDH
75365,ANXA1,APBB1
76270,TTR,NGFR
78646,TNFRSF25,RIPK1
79812,APOE,MAPT
80081,NTF3,NGFR
80117,FST,BMPR2
88398,TNFRSF1A,SRC
88463,MMP2,ITGB1
89256,TNFSF10,CFLAR
90542,ERBB3,ERBB2
90673,CD44,ITGB1
90675,CD44,FLOT2
91210,TNFRSF1A,MUC1
91211,TNFRSF1A,MAP3K7
91765,ISG15,ACLY
91770,ISG15,AHNAK
91772,ISG15,ANXA3
91781,ISG15,CALD1
91803,ISG15,DNAJB4
91807,ISG15,EEF2
91813,ISG15,FASN
91815,ISG15,MYOF
91817,ISG15,FLNA
91818,ISG15,FLNB
91826,ISG15,GPI
91842,ISG15,IFIT5
91843,ISG15,IQGAP1
91851,ISG15,MAP4
91852,ISG15,MSN
91854,ISG15,MYH9
91866,ISG15,PHGDH
91906,ISG15,EZR
91909,ISG15,WDR1
92085,SPP1,CEP162
92088,SPP1,MARCKS
92100,SPP1,RAPGEF2
92121,SPP1,SLC39A6
92966,ZP3,MICALL1
96405,APOB,SYVN1
102197,PLAU,PLAUR
103287,ISG15,GAPDH
103289,ISG15,HSPB1
103796,LGALS3BP,CD9
104736,FASLG,LYN
104740,FASLG,HCK
104741,FASLG,NCK1
104742,FASLG,YES1
104743,FASLG,SRC
104744,FASLG,SNX9
104747,FASLG,BTK
104753,FASLG,TEC
104761,FASLG,NCKIPSD
104763,FASLG,BAIAP2L1
104765,FASLG,TJP3
104770,FASLG,DOCK4
105306,SHBG,PACSIN2
105310,SHBG,FLOT1
105312,SHBG,CLDN4
105323,SHBG,FLNA
105535,MYOC,GAPDH
105550,MYOC,TGFBR1
105566,MYOC,NOTCH2
105568,MYOC,CD81
105578,MYOC,MYH11
105584,MYOC,ENO1
107058,TNFRSF1B,RIPK1
110656,ANXA1,RIPK1
111343,AVP,CRYAB
111521,FASLG,CFLAR
112075,VEGFA,CRYAB
114118,PLAT,PDGFC
114119,PLAU,PDGFC
114238,EGFR,DOCK4
114901,TNFSF10,RIPK1
117411,IL17RA,MAP3K7
119362,A2M,IFIT5
119547,APOE,IFIT5
119639,A2M,ENO2
119649,APOE,HTRA1
120300,AIMP1,KARS
126767,PON2,RHOA
128100,PON2,STOM
128537,FAM3C,SNAP23
128589,NENF,RPSA
129324,CD55,SLC2A1
131184,NENF,JUP
131377,FAM3C,RALA
131401,FAM3C,FLOT1
133643,PPIA,SOD1
136509,GZMB,ITSN1
137993,CTGF,EGFR
139625,VEGFA,FLT4
141194,ALB,ADRA1B
141203,ALB,GJC2
141287,ALB,PCDH1
141293,ALB,TIAM1
141302,ALB,CLCA2
141303,ALB,DGKG
141319,ALB,LAT
141324,ALB,SLC1A5
141329,ALB,SCN5A
141641,FN1,ITGB1
141642,FN1,TLN1
141693,FN1,EPN1
141821,FN1,SLC3A2
141826,FN1,FLOT2
141838,FN1,ILK
141846,FN1,CLIC2
141855,FN1,KARS
141875,FN1,CLIC5
141878,FN1,STX4
141881,FN1,LASP1
141898,FN1,SLC5A3
141901,FN1,FLOT1
141905,FN1,AHNAK
141921,FN1,DAB2
141926,FN1,PDLIM5
141928,FN1,ACLY
141935,FN1,CLTB
141938,FN1,ARHGEF1
141955,FN1,PDAP1
141959,FN1,SNAP23
141997,FN1,PHGDH
141998,FN1,MAP4
142001,FN1,YES1
142002,FN1,EPB41
142017,FN1,EZR
142034,FN1,MPP1
142039,FN1,CORO1B
142042,FN1,EIF5
142090,FN1,ENO1
142095,FN1,IQGAP1
142096,FN1,MACF1
142098,FN1,FLNB
142099,FN1,VASP
142105,FN1,MYH9
142130,FN1,ANXA1
142133,FN1,EEF2
142152,FN1,RPSA
142159,FN1,GAPDH
142170,FN1,SCRIB
142204,FN1,MSN
142220,FN1,FSCN1
142226,FN1,AP2M1
142274,FN1,STOM
142276,FN1,FLNC
142277,FN1,FLNA
142517,FN1,HSPB1
142549,FN1,FASN
145440,PCSK9,BACE1
147150,EGFR,NCK1
147173,EGFR,IRS1
147196,EGFR,NUMB
147199,EGFR,BMX
147223,ERBB3,GRB7
147272,EGFR,MAPK8IP1
147277,EGFR,TLN1
148357,EGFR,ANKRD13A
151857,GZMM,EZR
153510,JAM3,JAM2
154665,PLG,HSPB1
154910,LGALS3,EGFR
156436,ACE,MYH9
156589,ACE,BDKRB2
157885,PTEN,EPHB1
158072,NRP1,TGFBR2
158073,NRP1,TGFBR1
160284,VEGFA,FLT1
160416,EGFR,PHGDH
160450,EGFR,GAPDH
160506,EGFR,ARHGEF5
160545,EGFR,PLAA
161756,FBLN1,PLSCR1
161792,CCL22,CRYAB
161979,BDNF,F11R
162001,PILRA,SORBS1
162420,A1BG,ABCC6
162470,AMBP,ENO1
162993,PROS1,RPSA
163853,PLA2G3,PVR
164305,NRP2,TGFBR2
165109,EGFL7,NOTCH2
166940,EGFR,LYN
166942,EGFR,S100A9
166946,EGFR,SLC3A2
167163,GHRL,TBXA2R
167240,GZMB,CD2AP
168313,LRCH3,BASP1
168314,LRCH3,CALD1
168320,LRCH3,LIMA1
168879,CMA1,FYN
169422,LOX,CD2AP
172518,PPIB,GAPDH
173304,AIMP1,IQGAP1
174345,VASN,PACSIN2
180028,TNFSF12,TNFSF13B
183454,EGFR,EPHA2
183486,EGFR,YES1
183502,EGFR,CDK5
184162,APOC2,CRYAB
187184,TFRC,RAB8A
188153,LGALS3BP,ENAH
189566,TNF,LAMP2
190673,CEL,OLR1
190759,GSN,CFLAR
191465,IL32,PRKCE
192665,PCSK9,HSPB1
197138,SCGB2A2,VASP
197304,NBL1,NCS1
197701,PPIA,LNX1
204181,CUTA,FBLIM1
204286,ADAMTSL4,NMUR2
205973,APOL4,LNX1
217103,EGFR,DSG2
217105,EGFR,MYO1B
217167,EGFR,CNP
217181,EGFR,HLA-A
217183,EGFR,EHD1
217185,EGFR,MYO1C
217207,EGFR,LIMA1
217215,EGFR,IFIT5
217220,EGFR,GNAS
217248,EGFR,GNB2
217252,EGFR,CTTN
217258,EGFR,SLC1A5
217271,EGFR,FLOT2
217276,EGFR,ATP2B1
217286,EGFR,LSR
217327,EGFR,STOM
217590,TXNDC16,FLNA
217593,TXNDC16,ENO1
217600,TXNDC16,MARCKS
217911,EGFR,LAT
217924,EGFR,PDGFRA
217938,EGFR,PRKCE
217941,EGFR,MAPT
217945,EGFR,BAIAP2
217958,EGFR,HCK
217976,EGFR,ITGB2
217980,EGFR,ARRB2
217983,EGFR,RET
217986,EGFR,CDH5
217989,EGFR,CDH1
217997,EGFR,S100A4
217998,EGFR,SNX9
218006,EGFR,PAK1
219353,NRP1,KDR
219498,PTEN,CTNNB1
223098,FCGR3B,CD109
223552,KLK11,TXNDC11
223571,LGALS3,ATP2B4
223580,LGALS3,NID2
223583,LGALS3,CD109
223584,LGALS3,SLC4A7
223589,LGALS3,PODXL
223601,LGALS3,SLC30A1
223602,LGALS3,FLT4
223607,LGALS3,SLC17A5
223609,LGALS3,SLC7A2
223611,LGALS3,CSPG4
223613,LGALS3,PTPRK
223618,LGALS3,MPZL1
223662,OSM,IL6ST
224117,C4BPB,ZNF655
224124,C4BPB,DCTN6
224334,NTF3,PYGL
225009,C1QTNF2,GTF2F1
225806,MMP7,TNKS1BP1
225817,MMP7,GID8
226182,CELA2B,CD109
227565,KLK5,PCDH7
228265,EGFL8,SLC4A7
228380,NRG1,LSR
228410,NRG1,HLA-DPB1
228414,NRG1,TMEM63B
229173,AKR1B10,AKR1B15
229197,FGL1,TBC1D10A
229211,FGL1,FBXO38
229249,FGL1,PLEKHA7
229254,FGL1,RIPK1
229933,FGF1,GPC1
230009,PRAP1,CD48
230150,TDGF1,GID8
230291,F3,RAB13
230463,TNFSF13B,TTC17
230479,TNFSF13B,ITGB1
230493,TNFSF13B,HLA-DPB1
231468,LGALS9,PTPRK
231471,LGALS9,ATP2B4
231477,LGALS9,NID2
231479,LGALS9,CD109
231483,LGALS9,PODXL
231499,LGALS9,DAG1
231500,LGALS9,SLC4A7
231508,LGALS9,CD47
231514,LGALS9,ITGB1
231518,LGALS9,MPZL1
231527,LGALS9,CSPG4
231530,LGALS9,SLC9A3R2
231982,ERBB3,HLA-A
232004,FCN1,PODXL
232706,FAS,EHD1
233342,DCN,ZBTB33
234701,SERPINA6,HLA-DPB1
234922,CLEC18A,SCRIB
235158,ANXA2,ANXA13
235317,SLAMF1,OCLN
235320,SLAMF1,ANKRD13A
237297,FBLN7,TXNDC11
237642,TGFB1,NMT2
237918,LIPF,MPZL1
238353,GRN,PKP2
238354,GRN,GNB2
238970,MMP3,PTPRS
239667,VSTM2A,HLA-DPB1
239753,CLEC11A,PKP4
239965,GFOD1,ERC1
239966,GFOD1,PIP5K1A
239977,GFOD1,NMT2
240309,ISLR,CD109
240347,KNG1,HLA-DPB1
241060,FGL2,CDK5RAP2
241416,PLTP,EPB41L5
242541,TNF,ABCB6
242548,TNF,DAG1
242554,TNF,PCDH7
242555,TNF,PTPRS
242558,TNF,FLT4
242579,TNF,NEO1
242990,LIPH,FLT4
242999,LIPH,CAMK2B
243067,OLFM1,TXNDC11
243218,THBS3,APBB1
243219,THBS3,TTLL5
243224,THBS3,ARHGEF1
243237,TINAGL1,GNB2
243669,OLFM4,NID2
243982,GPHA2,PPP6R3
244291,CLPSL1,HLA-DPB1
244321,ADCYAP1,GID8
244488,LYPD6,CELSR1
244510,LYPD6,SLC39A6
245171,PILRA,PODXL
245172,PILRA,NID2
245205,PON2,INSR
245217,PON2,SPPL2B
245219,PON2,MR1
245230,PON2,EGFR
245245,PON2,LINGO1
247569,LGALS3,CADM1
247571,LGALS3,ITGB1
247574,LGALS3,SLC3A2
247585,LGALS3,LAMP2
247603,LGALS3,SLC1A5
247864,PTEN,RNF146
251458,SCPEP1,CD2AP
251957,SFTPA2,CORO1B
253387,PPIB,ENO1
253410,PPIB,ENO2
253430,PPIB,ENO3
255029,NAMPT,HSPB1
263332,CTSD,SCNN1G
266479,SFN,RPSA
266482,SFN,MYH11
268320,PTGDS,ARRB2
268657,C3,ITGB2
268663,SPP1,ITGB1
268776,FAP,ADA
268780,FAP,STOM
268798,DPP4,ADA
268931,PTEN,TXNDC11
268945,PTEN,PIGN
268952,PTEN,ENO2
270771,SHE,DOK3
271578,PRELP,NID2
271772,PTEN,AMOT
272253,TGFB1,KLK7
272493,PTEN,FASN
272494,PTEN,AKAP12
272497,PTEN,DSP
272500,PTEN,UTRN
272505,PTEN,GNAI2
272511,PTEN,EEF2
272512,PTEN,GNB4
272517,PTEN,LIMA1
272521,PTEN,FLNB
272532,PTEN,MYOF
272534,PTEN,GPC1
272538,PTEN,JUP
272540,PTEN,PPL
272559,PTEN,S100A9
272563,PTEN,MYO1B
272572,PTEN,SNTB2
272573,PTEN,MYO1C
272579,PTEN,YES1
283804,PPIA,ANXA1
288262,CD14,SVIL
293525,LGALS3BP,MYOF
300338,SOGA1,MARK2
301965,ANXA2,PPL
304073,LGALS3BP,OGT
304457,PTEN,MPZL1
309839,CYR61,TBC1D24
310436,ANXA2,AHNAK
311745,ANXA2,AHNAK2
312952,BTC,ERBB2
313050,DKK1,CTNNB1
313055,EGFR,CTNNA1
313082,FAS,CTNNB1
313083,FAS,PRKCA
313087,FCGR3A,FCGR1A
313166,IL6,HRH1
313248,MMP2,BACE1
313276,PDGFA,PDGFRA
313389,TGFA,ERBB2
314056,EGFR,EZR
316192,CLU,ATG3
318337,GPLD1,HIF1A
319809,SFN,CTNNB1
323498,EGFR,ANXA1
323501,EGFR,COL17A1
323510,EGFR,HSPB1
323523,EGFR,ITGB4
323534,EGFR,SLC7A5
323538,EGFR,ATP2B4
323558,ERBB3,B2M
323565,ERBB3,EGFR
323991,F12,HIF1A
326379,ADCK1,STOML2
327907,IL33,IL1RL1
328509,EGFR,MYH9
328801,EGFR,IQGAP1
328892,PLA2G2A,ITGB3
329731,EGFR,CD44
329740,EGFR,FAM129B
329907,ANGPT2,TEK
329908,ANGPT2,ITGB1
330223,MET,EGFR
330464,MIF,EGFR
330465,NOV,S100A4
330473,FGF7,FGFR2
330836,EGFR,CLCN5
331285,MET,ERBB3
332796,SERPINA1,SYVN1
332883,ERBB3,PTK2B
334190,IGFBP2,EGFR
334255,MMP2,PAK4
334260,MMP2,ITGB3
334367,EGFR,CDH2
334401,EGFR,ITGB1
335591,S100A8,S100A9
335628,EGFR,PTPRR
335644,FGFR2,PTPRR
335659,TEK,PTPRR
335724,EGFR,EPB41L2
335742,EGFR,PAK4
335768,EGFR,GLUL
335790,EGFR,MAP4
335845,EGFR,PDAP1
335884,EGFR,PLEKHA7
335907,EGFR,SLC13A5
335910,EGFR,FAM126B
337340,PTPRS,CASKIN2
338741,PCDHA10,PCDHA4
341083,LYG2,NID2
342697,EMILIN1,MAP3K7
342954,FGFR2,GAPVD1
344788,EGFL6,CCDC85C
345447,VWCE,TTLL5
347893,PCDH12,PTPRS
348030,GDF9,MYH11
348388,SPINK4,HTRA1
348513,REG4,HTRA1
348712,PLA2G10,NCOA1
349033,TULP3,KANSL2
349087,CLU,PTPRS
349803,PVR,UBE2C
350587,AVP,HTRA1
350891,GDF5,PKP3
351084,FGFR2,CEP295
351541,CD44,FGFR2
351770,TULP3,PDLIM5
351874,PDGFD,DCTN6
351875,GDF5,CRYAB
353098,ANGPTL4,NMT2
353783,SMOC1,NME2
354167,NPC2,NME2
354176,VTN,GPRIN1
354355,FGF3,XRN1
354805,FGB,NME2
354833,AOC3,SLC9A1
355991,SDC1,EPHA2
356028,SCGB2A2,FLT1
356153,VWCE,ZBTB33
356223,HLA-G,HLA-A
356895,VASN,NOTCH2
357525,MAMDC2,CDAN1
357571,SDC1,OCLN
358299,FGB,TBC1D24
358431,FGB,MAP2K1
358570,C1QL4,SRC
359533,IL1R2,SCRIB
359815,BCHE,DIAPH3
359818,SDC1,HMGCS1
360146,GPX7,RIPK1
360459,TULP3,NUMB
360724,FGB,ATG3
360800,TNFRSF1A,RRP12
360965,FAM19A4,INSR
361481,SCGB2A2,GPC3
361503,NPPA,ALOX15B
361908,FGF8,XRN1
361977,CFB,NME2
362205,SDC1,EFR3A
362903,VASN,DIAPH3
362949,SDC1,ARVCF
363217,EFEMP1,BIN2
363332,BMP1,GID8
363907,CPA6,AMER1
364336,IL36RN,SRC
364579,LIPG,PTPRS
365129,DKKL1,CELSR1
366120,EMILIN1,ARRB2
366716,IL12A,F11R
367631,FAM19A3,CSDE1
367719,FGF1,GPC3
368801,PRSS33,CD109
369198,CNDP1,SLC16A10
369967,MUC1,TMEM63B
370141,FGB,HMGCS1
370540,CPA2,MPZL1
370875,IGFBP1,GNB2
371144,IFNE,CD109
372632,KERA,MAP3K7
372746,DKKL1,PCDH7
372878,PCDH12,EFNB1
373149,ABHD15,DNAJB4
373414,TULP2,AMER1
373457,LRG1,NME2
373763,VWCE,HLA-DPB1
374037,PCDH12,CELSR1
374609,SLAMF1,EPHA3
374613,NPPA,JUP
374891,THBS3,MAP3K7
376268,COL10A1,NUMB
376282,SDC1,GNB4
376428,CLU,GNB2
377036,ANGPTL7,GNB2
377236,PCDH12,PCDH7
377297,C1QL4,PAG1
377498,ERAP1,SLC16A10
377715,DKKL1,HTRA1
377777,CPA5,MPZL1
377924,CBLN4,GNB2
377952,KLK8,SLC16A10
378357,APOH,FLNA
378500,SLAMF1,CELSR1
378584,CCL22,CD109
378843,SPINK4,SPPL2B
379189,DEFB1,NMT2
379343,CLU,CELSR1
380161,MUC1,CCDC115
380745,FGF8,RRP12
381865,FAM19A3,INSR
381916,DKKL1,CD109
381942,PLA2G10,GNB2
382045,FAM19A4,ITGB1
382285,FGFR2,PKP4
382299,RNASE3,EFR3B
382551,SHBG,GNB2
382939,THSD4,RIPK1
382956,BMP7,GNB2
383233,SCGB2A2,TTC17
383573,AGRP,NOTCH2
383598,FGB,TLN1
383612,VASH1,RHOA
383619,FGF9,GTF2F1
384518,MDK,EPB41L5
384822,FGF3,RRP12
384997,COL10A1,MPP1
385180,FGB,RHOA
385584,PDGFB,RRP12
386036,EMILIN1,PDLIM5
386085,GDF9,GNB2
386567,SFTPC,MPZL1
386577,ST6GAL1,PIP4K2A
386704,CLU,TXNDC11
387153,NPPA,S100A9
387160,CPA5,ARVCF
387188,EGFL6,SYVN1
387189,DKK3,MYO1B
387501,BCHE,ENAH
388167,DNASE1L2,INSR
388279,ISLR,GPC3
388883,SLAMF1,CHRNA5
388958,PVR,EFNB1
388989,FGB,PAK1
389008,LUM,RHOA
389135,SDC1,AHNAK
389991,ANGPTL7,TXNDC11
390696,FCGR3A,NCS1
391778,C1QL4,YES1
392881,ANGPTL4,DNAJB4
393339,SDC1,NCAM1
393452,IL4R,ERBB2
393539,LIPG,GPC3
393777,SPINK7,GID8
394113,FGB,GTF2F1
394182,C1QL4,AHNAK2
394327,IL17RA,ZBTB33
394563,PROZ,ARVCF
394785,SOST,HLA-DPB1
396028,ERBB3,PTPRR
396151,PTK7,PTPRR
396434,PTEN,RHOA
396449,FAS,SRC
396451,FAS,YES1
396708,ENDOD1,STOM
398300,TUFT1,CCDC93
400385,RSPRY1,PDE9A
401224,PIBF1,SLC9A3R2
406668,PTEN,EGFR
407012,PTEN,ANXA1
407026,PTEN,ACLY
407063,PTEN,ENO1
407090,PTEN,MYH9
407106,PTEN,AHNAK
407108,PTEN,FLNA
411071,FGA,ITGB3
414091,MUC5AC,ITGB4
427007,FGF2,AGER
428177,EGFR,NF2
428227,HGF,EPHA2
431308,MET,EPHA2
431441,SCUBE2,KDR
431821,CD44,EPHA2
431944,TIMP2,ITGB1
431996,HGF,ERBB2
432001,HGF,NF2
432002,HGF,PDGFRA
432093,MET,CD44
432151,PTEN,EPHA2
439343,FGFR2,SRC
440706,MIF,HIF1A
440805,PTEN,NUMB
442115,TGFB1,FLNA
442133,TGFB1,HSPB1
442380,APOE,CTNNB1
442494,BMP4,KIAA1522
442523,BMP4,MAP4
443896,TGFB1,PPP6R3
443901,TGFB1,HLA-A
443921,TGFB1,EEF2
443942,TGFB1,MAGI1
443945,TGFB1,STOML2
443971,TGFB1,EPHA2
443978,TGFB1,CTNND1
444000,TGFB1,PSMC5
444002,TGFB1,RHOA
444016,TGFB1,CDH1
446939,TNFRSF25,KDR
451803,TGFB1,HIF1A
454662,TNF,EEF2
454702,TNF,MYO1B
454703,TNF,MYH9
454705,TNF,MYO1C
454768,TNF,S100A4
454769,TNF,S100A6
454779,TNF,SVIL
456986,TTR,SYVN1
458601,LRCH3,UTRN
458603,LRCH3,SNTB2
459280,SFN,EGFR
459729,LGALS3BP,CTNND1
459730,LGALS3BP,CDH1
462949,FGF2,CSPG4
463003,ISG15,HIF1A
465575,PLA2G2A,EGFR
465576,PLA2G2A,ERBB2
465577,PLA2G2A,ERBB3
467839,EGFR,AXL
472394,VEGFA,HIF1A
472451,PTPRZ1,FYN
472715,EGFR,PIP5K1A
473114,MET,ITGB1
473152,LOX,PTPRK
474776,VEGFC,KDR
474830,SDC1,ITGB4
474835,SDC1,ERBB2
474836,SDC1,FYN
475114,NRP1,L1CAM
475115,NRP2,L1CAM
475220,LAMC2,CSF1R
475818,SFN,LASP1
476320,PRSS8,SRC
476323,GPI,PIK3CG
476460,IL12A,PIK3CG
478409,PTPRS,NME2
478553,PTEN,SLC9A3R2
481122,MUC4,ERBB2
482792,ADAM12,ILK
482812,FCGR3A,S100A4
490338,PTEN,ECSCR
491333,EGFR,EPOR
504613,BTC,DNAJC5
504615,CGB5,DNAJC5
504616,FAS,DNAJC5
505236,EGFR,TNFRSF11A
511153,EGFR,PKP3
511276,GCG,ENO1
511280,GCG,FLNA
511296,GCG,SOD1
511306,GCG,HINT1
511396,GCG,EEF2
511416,GCG,ERC1
511440,GCG,NME2
511442,GCG,MARCKS
511444,GCG,FASN
511458,GCG,ENO2
511461,GCG,PHGDH
511489,GCG,USP14
511507,GCG,RPSA
513206,EFNA1,TGFBR1
513808,NTN4,PLSCR1
514105,EFEMP2,PLSCR1
514573,EFEMP2,AQP1
515552,ADAMTSL4,PLSCR1
518149,S100A9,ILK
518694,LYZ,NME2
519341,FASLG,EZR
519345,FASLG,MSN
519348,FASLG,RHOA
519378,TNFRSF1A,EZR
519380,TNFRSF1A,FAS
519383,TNFRSF1A,MSN
519386,TNFRSF1A,RHOA
519432,MUC1,LYN
520730,TF,FNBP1
521243,CDSN,KLK7
521623,NGF,SORT1
521692,KNG1,PLAUR
522795,JAM3,TJP1
523059,PVR,CD226
525450,CLU,MMP25
527917,IL17B,ENO2
528532,STC2,ARRB2
528624,PTN,CDK5RAP2
528795,PTN,GTF2F1
529005,GDF9,PCDHA4
529842,PTN,TP53BP2
530046,PTN,PTPRS
530274,PTN,ALK
530373,PDGFB,PDGFRA
530841,CSF1,CSF1R
530844,PDGFC,PDGFRA
530856,FAP,PLAUR
530894,FGF2,GPC3
532400,BMP4,BMPR2
532403,FCGR3A,CD38
532426,PLG,ENO1
532428,VEGFC,FLT4
533235,NUCB1,GNAI2
533287,AHSG,INSR
534552,A2M,B2M
535023,F3,FLNA
535221,ANGPT1,TEK
535561,CXCL8,CXCR2
535574,ENPP1,INSR
535886,TGFB1,TGFBR1
537835,TGFBR3,TGFBR2
537876,ANGPT4,TEK
538003,BMP6,BMPR2
538223,TGFB1,TGFBR2
538224,TGFB2,TGFBR2
538323,FBN1,FBLN2
538353,SLAMF1,FYN
538364,IL17B,IL17RB
538631,AGRN,DAG1
538703,PIP,CD4
538891,PGF,FLT1
539728,GDF9,BMPR2
539876,VEGFB,FLT1
539897,IGFBP5,ADAM12
540577,IL16,CD4
541419,FN1,CD44
541643,CCL7,CCR3
541644,CCL2,CCR3
541645,CCL11,CCR3
541940,NTS,NTSR1
541962,NRG1,EGFR
542028,IL6ST,HCK
542232,KISS1,KISS1R
542363,NRTN,RET
542452,MET,SRC
542462,ERBB3,IL6ST
543303,PDGFA,PDAP1
543304,PDGFB,PDAP1
543611,HBEGF,CD44
543615,VCAN,CD44
543802,FGF10,FGFR2
544821,EFNA1,EPHA3
544824,EFNA4,EPHA3
545507,CCL5,CCR4
545508,CCL3,CCR4
546327,LAMA2,DAG1
546328,LAMA5,DAG1
546605,ERBB3,MUC1
547030,FAS,FYN
547069,FGA,CDH5
547594,CCL17,VCAM1
547595,CCL22,VCAM1
552289,ISG15,UBE2D3
552811,AFP,STAMBP
555373,MET,GAB2
555664,MEP1B,ALK
556534,MEGF6,EGFR
556554,PTGDS,EGFR
556562,CNTN2,EGFR
556571,COL9A3,EGFR
556582,FN1,EGFR
556588,SPARCL1,EGFR
556593,OLFM1,EGFR
557535,RSPRY1,UBE2D3
558079,ADAM9,CDH1
572504,CLU,SYVN1
574351,TFRC,PXK
577131,ANXA1,CD4
577133,ANXA2,CD4
577393,LGALS1,EGFR
578102,TFRC,BST2
581169,TF,AKAP12
581302,PPIA,AKAP12
585024,TNF,HSPB1
586738,SERPINA4,ILK
586792,A1BG,GRB7
586807,FGB,GRB7
597604,ANXA2,ARRB2
597715,GSN,ARRB2
597735,P4HB,ARRB2
597761,DCD,ARRB2
597787,S100A9,ARRB2
597811,PPIA,ARRB2
597814,CSN2,ARRB2
600567,EGFR,CD2AP
604420,FGFR2,LYN
604421,FGFR2,FYN
615215,TNFRSF18,LNX1
615227,BPIFA1,LNX1
615905,ISG15,CTNNB1
623240,LALBA,CRYAB
623263,CD40LG,CRYAB
623265,ALB,CRYAB
624367,LYZ,GRK5
624400,ABI3BP,GRK5
624440,TBL2,GRK5
624456,PIP,GRK5
624501,FGF2,CRYAB
624502,NGF,CRYAB
631601,APOE,PSEN1
636333,CD44,SLC3A2
639029,VTN,S100A9
639967,VTN,PHGDH
640001,VASN,PHGDH
640102,LGALS1,FLNA
640140,NPC2,SLC9A3R2
641525,TBL2,CDV3
641547,PPIA,ENO1
642607,VTN,DSP
642638,NENF,CDH2
643987,GPI,ENO3
646950,CD44,IQGAP1
651007,VTN,PRKCA
653843,LGALS1,VCAM1
653862,MIF,VCAM1
654397,ANXA1,VCAM1
654462,LY6G5B,VCAM1
654483,ANXA2,VCAM1
654521,TFRC,VCAM1
654587,COPA,VCAM1
654820,PPIA,VCAM1
659229,EGFR,APBB1
659256,ERBB3,HCK
659259,ERBB3,SRC
659262,ERBB3,NCK1
663160,ADAMTSL4,AQP1
664282,CD40,IL4R
664440,TFRC,MYO1G
664633,GCG,ARRB2
667266,NAMPT,CD81
668477,ANGPT2,LYN
668503,TNFSF12,LYN
668525,SCG3,LYN
670583,ANXA1,BAG3
670585,ANXA2,BAG3
670629,GPI,BAG3
670644,ISG15,BAG3
670661,P4HB,BAG3
670713,S100A8,BAG3
670777,C1QTNF7,BAG3
670786,CD40,BAG3
670809,DCD,BAG3
670844,GH1,BAG3
670899,MIA,BAG3
670907,NDP,BAG3
670927,PDGFC,BAG3
670968,SDC1,BAG3
670995,TIMP2,BAG3
672574,THEM6,EGFR
672587,P4HB,EGFR
672602,ITIH2,EGFR
672701,TNF,FYN
672702,IL1B,FYN
672703,TNF,LYN
672704,IL1B,LYN
673019,PLAU,BTK
673274,WNT2,HCK
673309,NUCB1,GNAS
673310,NUCB2,GNAS
673925,ULBP2,PDGFRA
674273,PLG,CYFIP2
674582,SERPING1,ENO1
674650,AZGP1,ABCC1
675039,LBP,HSPB1
676054,SFRP1,KIAA1522
676056,WFDC1,EZR
676794,EDN3,EDNRB
676795,EDN1,EDNRA
676799,CALCA,CALCRL
676855,HGF,INSR
677547,SPATA20,XRN1
677563,ANGPTL6,XRN1
677564,PRADC1,XRN1
677575,LEPR,XRN1
677581,LGALS3BP,XRN1
677582,CTSB,XRN1
679052,S100A7,EGFR
679053,S100A9,EGFR
680971,THBS1,ITGB1
689675,VASN,CSDE1
693419,MASP1,AP2M1
701661,TNFRSF1A,STAMBP
704734,FLT4,EPN1
704936,HMCN1,RAPGEF2
705736,CRTAC1,AQP1
705751,NOTCH2NL,AQP1
706556,NOTCH2NL,CSF1
707200,ADAMTSL4,FLNA
707367,NOTCH2NL,GNAI2
707750,NOTCH2NL,HCK
708025,NOTCH2NL,ITGB2
709641,NOTCH2NL,PDE9A
709753,CHRD,PLSCR1
710205,NOTCH2NL,PVR
710459,NOTCH2NL,RET
712442,NOTCH2NL,RECK
712944,NOTCH2NL,CLDN2
715740,NOTCH2NL,CHIC2
716440,NOTCH2NL,CCDC93
717120,NOTCH2NL,NMUR2
718403,C1QTNF1,LNX1
718420,NOTCH2NL,LNX1
718969,NOTCH2NL,RTN4RL1
719592,EFEMP1,ENO1
719610,ERAP1,ENO1
719638,ANXA1,ENO1
719650,ENDOD1,ENO1
719659,NTN4,ENO1
719701,CRLF1,ENO1
723380,TNF,RC3H1
729231,TFRC,EGFR
729263,COPA,EGFR
729421,CLU,EGFR
729447,GRN,EGFR
730036,TNFRSF1A,EGFR
730090,TGFA,EGFR
732090,CTSD,ILK
733765,LGALS3BP,SIGLEC10
738590,GLB1L2,ATP1B3
738605,NRP2,ATP1B3
738608,TGFBR3,ATP1B3
739234,TIMP3,ASGR2
739251,EGFL7,ASGR2
741730,PTPRS,TGFBR2
742601,ARSK,TNFSF13B
744985,PXDN,PLAUR
744990,LAMB2,PLAUR
744996,CHSY1,PLAUR
745001,LOXL2,PLAUR
745002,ADCK1,PLAUR
745011,ARSK,PLAUR
745020,PCSK5,PLAUR
745030,EMILIN3,PLAUR
745040,PLTP,PLAUR
745047,EGFL7,PLAUR
745048,PCYOX1L,PLAUR
745590,ADCK1,GNAI2
746128,XYLT1,ADH1C
748303,QSOX1,RP2
748610,COL1A1,CD200R1
749760,TGFB1,SLC35G2
751175,LAMB2,PTPRK
751176,ATRN,PTPRK
751183,PXDN,PTPRK
751186,LAMA5,PTPRK
751189,ARSK,PTPRK
751195,LAMB1,PTPRK
751200,ADAM9,PTPRK
751203,COL6A2,PTPRK
751208,EGFR,PTPRK
751212,COL6A1,PTPRK
751221,COL4A2,PTPRK
751223,FBLN1,PTPRK
751233,PCSK5,PTPRK
751234,LAMA3,PTPRK
751238,PLAT,PTPRK
751239,BCHE,PTPRK
751244,WNT5A,PTPRK
751247,BTD,PTPRK
752105,NRP1,AGER
754218,LGALS3,LPAR1
755780,NID2,OLFM4
755792,BMP7,OLFM4
755797,EMILIN3,OLFM4
755798,COL18A1,OLFM4
755817,NRP1,PIP5K1A
755826,TGFBR3,PIP5K1A
756475,CST6,CLEC5A
758549,ANXA1,TP53BP2
758602,PLA2G12A,EPB41L3
759724,P4HB,ITGB3
760033,ANXA1,HSPB1
762148,AKR1B10,HINT1
763941,COLEC10,SOD1
766456,GPI,ENO1
766468,GPI,WDR1
767328,IGFALS,ARRB2
767862,LGALS1,LASP1
767867,LGALS1,SOD1
767874,LGALS3,SOD1
768394,MIF,ENO1
768395,MIF,FSCN1
768397,MIF,HINT1
769749,P4HB,ENO1
769750,P4HB,ENO3
769751,P4HB,EZR
769756,P4HB,MSN
769762,P4HB,RDX
770862,PPIB,HINT1
775763,SFN,NSFL1C
780596,LAMB1,PSMC5
780597,LAMC1,PSMC5
780854,LGALS3BP,ITGB1
782617,SOGA1,ANKRA2
784099,KLK5,ERBB2
784145,TFF1,FGFR2
784204,CST6,NOTCH2
784208,IL24,NOTCH2
784209,ITIH5,NOTCH2
784210,KLK5,NOTCH2
784456,MUCL1,ERBB2
784463,TTC9B,ERBB2
787276,PIBF1,CEP162
795879,ALB,SOD1
795920,ANXA2,FLNA
795921,ANXA2,MYH9
795923,ANXA2,IQGAP1
795925,ANXA2,LIMA1
795956,APOB,MYH9
796190,C4BPA,MYH11
796394,CD44,FLNA
796395,CD44,MYH9
796398,CD44,LIMA1
796607,CLU,PDGFRA
796728,COPA,SORT1
797353,FN1,HIF1A
797354,FN1,SYMPK
797510,GSN,FLNA
797511,GSN,MYH9
797512,GSN,IQGAP1
797516,GSN,LIMA1
797722,HP,SORT1
797818,HSPG2,ADD1
798086,LGALS1,MYH9
798089,LGALS1,LIMA1
798099,LGALS3BP,TMEM63B
798741,P4HB,SYMPK
799077,PPIA,MYH9
799079,PPIA,CSDE1
800568,TFRC,ERBB2
800570,TFRC,PDGFRA
803626,POSTN,ILK
803764,HPSE,ERBB2
804553,ENDOD1,KIF21A
807046,AGGF1,MYO1C
807654,MUC13,MYH9
809704,LRCH3,PARD6A
809707,LRCH3,MLKL
810913,LAMA1,BAG3
811359,ANXA2,FLOT2
811362,ANXA2,FLNB
811612,C4BPA,RHOA
811616,C4BPA,SOD1
811800,CD44,FLOT1
811807,CD44,FLNB
812785,GSN,CD2AP
812786,GSN,FLOT1
812788,GSN,MYO1C
813246,LGALS1,FLNB
814074,PPIB,JUP
814258,PRSS1,JUP
814260,PRSS1,SOD1
814988,SDC4,LIMA1
815453,TFRC,FLOT1
817959,PIBF1,DLG5
817964,PIBF1,MIB1
821758,MUC13,ARRB2
821832,AKR1B10,JUP
823467,LRCH3,MYO1C
825214,FGF5,FGFR2
825215,FGF23,FGFR2
825216,FGF8,FGFR2
825285,CSF2RA,KIT
825367,GHR,NCK1
827233,COPA,CD8A
832141,TBL2,NF2
832162,S100A8,NF2
832164,GRN,NF2
832242,S100A9,NF2
835596,NELL1,EGFR
835609,ANXA1,EGFR
835612,COL17A1,EGFR
835651,APOB,EGFR
835666,ANXA2,ERBB3
835688,LGALS3BP,ERBB3
835689,MASP1,ERBB3
835856,PON2,ERBB3
836108,F12,UBE2D3
839935,CTSD,NLGN3
839936,LGALS1,NLGN3
839938,PSG4,NLGN3
839939,PSG5,NLGN3
839944,GDF15,NLGN3
839949,FBLN1,NLGN3
839957,C1QA,NLGN3
839959,PSG3,NLGN3
839968,SPINT1,NLGN3
840329,ERBB3,EPN1
840350,ALB,RC3H1
840371,DCD,RC3H1
840421,PPIA,RC3H1
840422,PPIB,RC3H1
840426,PRSS3,RC3H1
841175,FGF2,FGFR2
841176,FGF3,FGFR2
841180,FGF9,FGFR2
841182,FGF17,FGFR2
841184,LYZ,CRYAB
842471,EGFR,L1CAM
842473,ERBB3,L1CAM
845388,PTEN,ADA
846878,ANXA1,CDH1
846879,ANXA2,CDH1
846904,COL17A1,CDH1
846913,CTSB,CDH1
846943,ERBB3,CDH1
846954,SFN,CDH1
846969,IL6ST,CDH1
846981,LAD1,CDH1
847377,VASN,CDH1
847378,ZG16B,CDH1
847414,SBSN,CDH1
847823,IGLL5,EGFR
847858,COL1A1,EGFR
847859,AHSG,EGFR
847867,CTSD,EGFR
847869,COL1A2,EGFR
847889,PPIB,EGFR
847892,TNC,EGFR
847899,DPP4,EGFR
847961,LRP8,EGFR
847981,FBLN7,EGFR
847986,EYS,EGFR
847991,CES4A,EGFR
848013,PRSS42,EGFR
848045,MUC16,EGFR
852709,PCDHA1,PCDHA4
854860,FGF2,CD44
855246,CCDC112,TNFRSF8
856963,F5,OLR1
858490,BPIFA2,PLEKHG6
858999,FBLN1,OCLN
859313,MFAP4,OCLN
860657,C4A,PVR
862775,GC,FAM126A
863106,CST1,PLEKHG6
863652,FGFR2,CD44
864829,ENDOD1,SLC34A2
866008,ITIH2,FCGR1A
868812,LAMA3,CD44
868879,C4A,OCLN
870428,ENDOD1,DPEP1
873358,ENDOD1,SPPL2B
874057,NMU,PCDHA4
875909,PCDH12,FCGR1A
878287,CST5,PLEKHG6
878434,ANXA1,GNB2
878920,OAF,BOC
879230,QSOX1,PVR
879811,ZG16B,PLEKHG6
879894,TBL2,DPEP1
881721,TIMP1,FGFR2
882788,LTBP1,PCDHA4
883184,IGLL5,ULBP1
884698,ADCK1,GRPR
886413,XYLT2,GPC1
887519,LTBP1,CDH5
887959,GSN,PLEKHG6
890849,APOA1,VCAM1
896742,EFEMP1,OCLN
897007,GRN,ATP1B3
897221,OAF,ARL4C
897246,LGALS1,CD44
898190,GAS6,NTNG1
898193,XYLT2,LPAR1
898641,NID2,PTPRK
902693,BMP8B,PLAUR
903216,APOB,SLC2A2
904296,COL1A1,LPAR1
904543,TBL2,CDH5
904666,TXNDC16,PLAUR
904995,FLT4,CHRM3
906502,CST4,PLEKHG6
906898,NRP1,EDNRB
906957,BMP7,PTPRK
908152,PTEN,ERBB3
908788,LCN2,GID8
913764,LGALS1,SLC9A1
913767,CTSD,SLC9A1
913771,P4HB,SLC9A1
913781,SFN,SLC9A1
918290,MIF,SOD1
918308,AHSG,SOD1
918354,P4HB,SOD1
918357,ANXA1,SOD1
918360,CUTA,SOD1
918462,COPA,SOD1
922959,GRP,GRPR
923054,LGALS3BP,UBE2A
923073,NAMPT,UBE2A
923081,ANXA2,UBE2A
927222,EGFR,PRKD1
929461,FN1,ITGB3
929675,FGG,ITGB3
929720,TNFRSF1A,CFLAR
931488,COPA,LNX1
938198,FGF1,RTN4R
944229,MET,NF2
944246,CD44,PDGFRA
952300,TDGF1,BMPR2
952301,TDGF1,TGFBR2
952309,INHBB,BMPR2
953578,LAD1,CTNNB1
954884,LGALS3,CTNNB1
954906,COPA,CTNNB1
954970,P4HB,CTNNB1
956994,CTSB,HIF1A
970801,EPO,HIF1A
971987,EGFR,ADORA1
972300,IL11,HIF1A
972396,APOA1,CD81
972397,APOE,CD81
972404,EGFR,CD81
972405,ENPP1,CD81
972419,PVR,CD81
972424,TF,CD81
972425,TFRC,CD81
978123,IL1RAP,PTPRS
978197,ANXA2,EGFR
978457,CXCL8,ERBB2
979967,PTN,ITGB3
979968,PTPRZ1,ITGB3
979974,EGFR,CD109
982138,ANXA1,NRAS
982142,TFRC,NRAS
985318,SERPINF1,KDR
987214,MUC4,EGFR
987216,MUC4,ERBB3
987349,ANXA1,GPC1
987353,CD44,GPC1
987367,FGFBP1,GPC1
987368,GRN,GPC1
987369,HBEGF,GPC1
987370,LAMA3,GPC1
987371,LAMB3,GPC1
987372,LAMC2,GPC1
987373,PDGFA,GPC1
987374,PLAU,GPC1
987376,STC2,GPC1
987377,OAF,GPC1
987410,CLU,GPC1
987429,PPIA,GPC1
987430,PPIB,GPC1
987449,SFN,GPC1
988517,OXT,EPHB2
988584,PRSS8,ERBB3
988734,PTPRZ1,GPI
988924,PLA2G2E,EPHB2
994412,CD44,NRAS
994558,COL16A1,NRAS
994570,JAM3,NRAS
994577,LRP8,NRAS
994580,NRG1,NRAS
994839,PTPRS,CDH1
994922,FCGR3A,PRKCA
1003038,LGALS3BP,CDK5RAP2
1012265,IL1R1,SRC
1012266,IL1R1,YES1
1012267,IL1R1,LYN
1012662,FGFR2,ERBB2
1012669,MET,ERBB2
1012672,PTK7,ERBB2
1012679,FLT4,ERBB2
1012688,TEK,ERBB2
1014461,ADCK1,TGFBR2
1019062,ADAM9,NRAS
1019113,PTK7,NRAS
1019167,EGFR,NRAS
1019180,TULP3,NRAS
1019194,PPIA,NRAS
1019363,IL6ST,NRAS
1019413,TBL2,NRAS
1019887,SCG3,MAPT
1020414,COPA,USP14
1020469,AIMP1,USP14
1023222,LAD1,EGFR
1023257,LAMB3,EGFR
